Algorithm,ArraySize,TimeUsed,CoreUsed,SpeedUp
MERGE,1000,0.000156,ONE,1
MERGE,1000,0.000118,TWO,1.1372
MERGE,1000,0.000211,FOUR,0.8257
MERGE,10000,0.0031,ONE,1
MERGE,10000,0.0016,TWO,1.8788
MERGE,10000,0.0011,FOUR,2.8182
MERGE,100000,0.0213,ONE,1
MERGE,100000,0.0125,TWO,1.705
MERGE,100000,0.00968,FOUR,2.424
MERGE,500000,0.1217,ONE,1
MERGE,500000,0.0618,TWO,1.9686
MERGE,500000,0.0545,FOUR,2.2357
